{"cameraMode":{"drawMode":0,"name":"Shaded","section":"Shading Mode"},"sceneLighting":false,"audioPlay":false,"sceneViewState":{"showFog":true,"showMaterialUpdate":false,"showSkybox":true,"showFlares":true,"showImageEffects":true,"showParticleSystems":true},"in2DMode":false,"pivot":{"x":0.0,"y":13.050000190734864,"z":-0.0000019073486328125},"rotation":{"x":-0.37211358547210696,"y":0.62522953748703,"z":-0.4473024606704712,"w":-0.5201345682144165},"size":146.7777557373047,"orthographic":false}