{"cameraMode":{"drawMode":0,"name":"Shaded","section":"Shading Mode"},"sceneLighting":false,"audioPlay":false,"sceneViewState":{"showFog":true,"showMaterialUpdate":false,"showSkybox":true,"showFlares":true,"showImageEffects":true,"showParticleSystems":true},"in2DMode":false,"pivot":{"x":152.19253540039063,"y":240.53005981445313,"z":152.4904022216797},"rotation":{"x":0.2148331254720688,"y":-0.6408644914627075,"z":0.1936166137456894,"w":0.7110921740531921},"size":154.26397705078126,"orthographic":true}