{"cameraMode":{"drawMode":0,"name":"Shaded","section":"Shading Mode"},"sceneLighting":true,"audioPlay":false,"sceneViewState":{"showFog":true,"showMaterialUpdate":false,"showSkybox":true,"showFlares":true,"showImageEffects":true,"showParticleSystems":true},"in2DMode":false,"pivot":{"x":63.88348388671875,"y":2.90399169921875,"z":-75.88288879394531},"rotation":{"x":-0.37211358547210696,"y":0.62522953748703,"z":-0.4473024606704712,"w":-0.5201345682144165},"size":396.92706298828127,"orthographic":false}